{"OutputFileHashSum":"D184B5560D58E1EABF18D3C17B9DEEA4F9F0DCDABD2E6837051C268E255041D5","Converted":true,"OutputModifyDate":"2020-03-04T21:29:50.0309133Z","Metadatas":[],"MetadataTypes":[{"CategoryName":"VuGen.Replay","MetadataTypeName":"HP.LR.Vugen.Iteration","Id":1},{"CategoryName":"VuGen.Replay","MetadataTypeName":"HP.LR.Vugen.NotifyTransaction","Id":2},{"CategoryName":"VuGen.Replay","MetadataTypeName":"HP.LR.Vugen.NotifySavingParameter","Id":3},{"CategoryName":"VuGen.Replay","MetadataTypeName":"HP.LR.Vugen.NotifyParameterSubstitution","Id":4},{"CategoryName":"VuGen.Replay","MetadataTypeName":"Utt.Debugger.Warning","Id":5},{"CategoryName":"VuGen.Replay","MetadataTypeName":"Utt.Debugger.Error","Id":6},{"CategoryName":"VuGen.Replay","MetadataTypeName":"HP.LR.Vugen.NotifyAny","Id":7}]}