[
    {
        "actionName": "Action",
        "steps": [
            {
                "stepId": "STEP1",
                "stepName": "Url: coraqa.eu.boehringer.com",
                "infFile": "t1.inf",
                "time": 1583357355942
            },
            {
                "stepId": "STEP2",
                "stepName": "Url: App",
                "infFile": "t2.inf",
                "time": 1583357382622
            },
            {
                "stepId": "STEP3",
                "stepName": "Url: ToolTipEngine.aspx",
                "infFile": "t3.inf",
                "time": 1583357382668
            },
            {
                "stepId": "STEP4",
                "stepName": "Url: ContentPage.aspx",
                "infFile": "t4.inf",
                "time": 1583357384633
            },
            {
                "stepId": "STEP5",
                "stepName": "Url: Heartbeat.aspx",
                "infFile": "t5.inf",
                "time": 1583357384661
            },
            {
                "stepId": "STEP6",
                "stepName": "Url: ToolTipEngine.aspx_2",
                "infFile": "t6.inf",
                "time": 1583357384700
            },
            {
                "stepId": "STEP7",
                "stepName": "Custom Request: ContentPage.aspx_2",
                "infFile": "t7.inf",
                "time": 1583357385889
            },
            {
                "stepId": "STEP8",
                "stepName": "Url: ToolTipEngine.aspx_3",
                "infFile": "t8.inf",
                "time": 1583357385922
            },
            {
                "stepId": "STEP9",
                "stepName": "Custom Request: ContentPage.aspx_3",
                "infFile": "t9.inf",
                "time": 1583357386904
            },
            {
                "stepId": "STEP10",
                "stepName": "Submit Data: ContentPage.aspx_4",
                "infFile": "t10.inf",
                "time": 1583357388087
            },
            {
                "stepId": "STEP11",
                "stepName": "Url: Heartbeat.aspx_2",
                "infFile": "t11.inf",
                "time": 1583357388114
            },
            {
                "stepId": "STEP12",
                "stepName": "Url: ToolTipEngine.aspx_4",
                "infFile": "t12.inf",
                "time": 1583357388147
            },
            {
                "stepId": "STEP13",
                "stepName": "Custom Request: ContentPage.aspx_5",
                "infFile": "t13.inf",
                "time": 1583357388939
            },
            {
                "stepId": "STEP14",
                "stepName": "Custom Request: ContentPage.aspx_6",
                "infFile": "t14.inf",
                "time": 1583357389704
            },
            {
                "stepId": "STEP15",
                "stepName": "Url: Heartbeat.aspx_3",
                "infFile": "t15.inf",
                "time": 1583357389740
            }
        ],
        "transactions": [
            {
                "transactionName": "01 Login",
                "rawStartTime": 1583357355818,
                "rawEndTime": 1583357382626,
                "thinkTime": 0.0,
                "wastedTime": 0.18091154098510743
            },
            {
                "transactionName": "02 View Contract",
                "rawStartTime": 1583357382628,
                "rawEndTime": 1583357384701,
                "thinkTime": 0.0,
                "wastedTime": 0.057585716247558597
            },
            {
                "transactionName": "03 Click Documents",
                "rawStartTime": 1583357384704,
                "rawEndTime": 1583357385923,
                "thinkTime": 0.0,
                "wastedTime": 0.030802249908447267
            },
            {
                "transactionName": "04 Click Documentation",
                "rawStartTime": 1583357385925,
                "rawEndTime": 1583357386905,
                "thinkTime": 0.0,
                "wastedTime": 0.02606987953186035
            },
            {
                "transactionName": "05 Browse",
                "rawStartTime": 1583357386908,
                "rawEndTime": 1583357388148,
                "thinkTime": 0.0,
                "wastedTime": 0.04481387138366699
            },
            {
                "transactionName": "06 Save",
                "rawStartTime": 1583357388151,
                "rawEndTime": 1583357388942,
                "thinkTime": 0.0,
                "wastedTime": 0.02413201332092285
            },
            {
                "transactionName": "07 Preview",
                "rawStartTime": 1583357388944,
                "rawEndTime": 1583357389742,
                "thinkTime": 0.0,
                "wastedTime": 0.020998001098632814
            }
        ]
    }
]